;ID_number;First_name;Last_name;Birth date;Adress;Phone number;e-mail
0;E74188937;Rodney;Benton;02.12.1975;"283 Jason Plains Suite 252
Thomasview, DE 86378";+1-405-421-3634x97400;david42@hotmail.com
1;453747379;Rick;Stone;26.09.1999;"72717 Joseph Ports Suite 187
Port Michaelside, WA 05968";692.221.7446x733;heatherhendricks@yahoo.com
2;W37513740;Daniel;Yates;28.08.2018;"7206 Sarah Cliff
New Jeffrey, KY 57016";(959)838-9889;jjenkins@yahoo.com
3;857801626;George;Pollard;05.08.1976;"018 Rogers Bypass
Peterside, CT 44570";518-861-6506;maddennicole@gmail.com
4;R91631418;Michael;Moore;10.05.1980;"6002 Judith Turnpike
Hooperborough, ME 99923";(841)454-3205;rebecca74@gmail.com
5;495285211;Lawrence;Green;10.01.2014;"094 Sanchez Hollow Apt. 421
Delgadostad, CO 79440";001-985-735-1650;james91@hotmail.com
6;154775799;Jeff;Martin;24.08.1974;"45500 Meagan Village Apt. 153
West Michelleview, MT 16206";741-507-4205x53089;butlerelizabeth@hotmail.com
7;381600917;John;Andrade;15.08.1978;"733 Laura Meadow Suite 839
Terrellburgh, MT 16429";+1-961-466-8464x527;jaredmccormick@yahoo.com
8;J60327510;Todd;Ferguson;16.02.2024;"99631 Theresa Branch
Wilsonview, CA 84536";438.531.7548x0489;qhuff@hotmail.com
9;991072123;Timothy;Stone;17.02.1977;"9183 Ronald Cape
Drakeview, ID 39608";320-660-6023x05505;tina86@hotmail.com
10;372172032;Troy;Skinner;26.01.2003;"1066 Benton Row Suite 713
Port Angelville, VA 87166";(761)581-5322x77901;figueroapeggy@hotmail.com
11;U51393423;Christopher;Pruitt;30.10.2015;"234 Brian Springs Suite 473
Wallerport, CO 91240";001-904-643-7024x027;tjones@gmail.com
12;X65609836;Peter;Fields;26.02.1989;"26104 Steele Lakes
South John, FM 38401";(397)895-9159x73994;wfloyd@yahoo.com
13;837124723;Troy;Hunt;10.11.1970;"Unit 5538 Box 5585
DPO AP 04237";8426364996;upennington@yahoo.com
14;W53629227;Aaron;Fox;02.04.2003;"088 Kayla Village
Joseborough, MA 30083";(948)284-9956;kennethbrowning@gmail.com
15;174523779;Adrian;Phelps;02.04.1974;"263 Flores Park Apt. 304
South Susan, NY 58671";2977142908;kaylawilkerson@yahoo.com
16;663788437;Thomas;Hale;18.06.1981;"2614 Dustin Fields
Christinaside, VA 88215";(637)469-3693;lawrencejohn@yahoo.com
17;889983288;Michael;Daniels;04.01.1996;"03100 Miller Motorway
Yumouth, MP 74524";639-906-6880;hannah36@yahoo.com
18;281455894;Mark;Brown;09.09.1993;"34248 Wiggins Stravenue Suite 855
Snowburgh, ID 65793";(952)593-6276;ptaylor@hotmail.com
19;J03859960;Joshua;Johnson;12.03.1995;"344 Davis Way
New Rickyview, NH 31984";(288)309-5564x71762;craig57@hotmail.com
20;362582727;Timothy;Palmer;30.01.2012;"PSC 9505, Box 6079
APO AE 55789";(603)669-5008x616;luis90@hotmail.com
21;172673523;Andrew;Garrison;31.08.1992;"1097 Nicholas Hill Suite 641
Nicoleville, ID 49794";001-226-731-3970x237;elizabethallen@gmail.com
22;C87438463;Daniel;Lopez;24.08.2014;"3935 Mikayla Courts
Davisville, OH 95023";(588)963-8238x64915;ericsmith@hotmail.com
23;174561800;James;Powell;27.04.1976;"9504 Michael Union
West Jessicashire, CA 04636";-9438;jennifer97@yahoo.com
24;296062605;Jeremy;Wilson;01.06.2000;"20994 Watts Forks Suite 675
Cainfort, NE 71939";001-872-846-4392x2744;jimmy94@hotmail.com
25;P43378748;Mark;Nelson;18.10.2015;"07143 Benjamin Mountains
Lake Deborahberg, DC 98573";001-519-759-0934x774;cgolden@yahoo.com
26;524952385;Jesse;Ray;11.05.2001;"37610 James Corners Suite 075
Sabrinahaven, TN 97709";909-680-1144;donaldcruz@yahoo.com
27;416368688;Dennis;Hill;31.10.2019;"7738 Estrada Mall
New Katieville, IA 10417";563-484-7099;katherine17@hotmail.com
28;P29115636;Chase;Tucker;07.03.2019;"3984 Russo Manor
Port Aaronfurt, GU 19525";+1-946-809-0969x4986;brandon20@gmail.com
29;425080741;Timothy;Roberts;19.01.2003;"65126 Dawn Heights
West Raymondton, CA 95429";(721)584-9173;michaelsmith@hotmail.com
30;B18546664;Joshua;Sanchez;05.03.2024;"130 Brittney Groves
Elizabethport, UT 25990";6849594819;istafford@gmail.com
31;956997026;Austin;Williams;19.11.1980;"957 Vanessa Cove Suite 253
Kellyfurt, AS 23352";252.691.7482x01609;davisdebra@gmail.com
32;180039051;Christopher;Sheppard;03.05.1975;"3336 Lori Motorway Suite 216
New Patricia, LA 10973";(783)352-8228x167;sromero@hotmail.com
33;H95198170;Matthew;Meyer;17.12.1997;"767 Hess Mountains
New Allison, RI 80959";(806)307-3237x71538;lauragarner@yahoo.com
34;W11381521;Shawn;Miller;15.04.2004;"458 Wesley Mews Suite 317
Marialand, OH 28602";001-336-786-4473;vcummings@gmail.com
35;R02214605;Tyler;Ellison;11.02.2004;"623 Vazquez Inlet
North Susanview, GA 93577";709.651.5383x0864;heidi22@hotmail.com
36;956690235;Matthew;Martin;13.03.1974;"5044 Holly Burg
Martinhaven, LA 78734";8765721499;curtiscraig@gmail.com
37;366789783;Nicholas;Peterson;29.08.1979;"43809 Cannon Course Apt. 818
Barnetttown, PW 20083";248-555-6281x438;carlos28@gmail.com
38;347437181;Andrew;Watson;28.09.1999;"3273 Vega Stravenue Suite 304
Julieton, IN 55757";(662)522-2815x67542;mgraham@hotmail.com
39;G01587338;Shaun;Lopez;16.11.1979;"23963 Nathan Harbors
North Diane, AK 06673";342.223.7168;nancy95@hotmail.com
40;280966588;Robert;Phillips;02.12.1978;"799 Patrick Row Suite 307
South Sarahchester, NY 20886";6667811515;joshualane@yahoo.com
41;57003622;Jeffery;Brown;11.10.1987;"9665 Sean Flats Apt. 467
Garcialand, NV 19502";(289)929-8162;michelleballard@gmail.com
42;631153999;David;Sanders;15.07.1988;"8978 Beth Junction Suite 545
Martinchester, AS 49984";254-767-9070x58037;catherine83@yahoo.com
43;629571422;Donald;Santana;22.08.1981;"4190 Stewart Greens Apt. 210
Manningview, VI 47427";246-866-6589x1563;fergusonthomas@hotmail.com
44;18673705;Jimmy;Roberts;25.05.1970;"093 Ellis Harbors
South Caitlintown, IA 84534";-6040;johnpotter@hotmail.com
45;X86861057;William;Chavez;26.01.2003;"PSC 3966, Box 1699
APO AA 23379";(506)865-1760x329;oscarparsons@yahoo.com
46;Q46770888;Dan;Montes;07.07.1980;"36677 Jefferson Ford
Andersonhaven, GA 74369";(745)468-6961x71490;lowedouglas@gmail.com
47;N01532024;Scott;Lyons;15.04.1981;"30680 Warner Loop Apt. 740
Lake Karinaville, DE 96344";552-498-0896;nancyblair@yahoo.com
48;359459051;Dillon;Chavez;25.12.1970;"693 Walker Cliff Suite 437
West Keithport, VA 12887";001-547-948-4134x0104;pamela44@hotmail.com
49;626776417;Aaron;Morse;11.05.1983;"27332 Bowman Garden
Grossview, CO 77034";533.445.3285x800;emily67@gmail.com
50;629557004;Marc;Wolfe;06.10.1981;"47424 George Prairie
South Crystal, MN 70156";727-609-0550x63738;kroberts@yahoo.com
51;230935827;Stephen;Thomas;03.01.1977;"191 Shawn Landing
Lake Robertberg, IL 67376";590-488-7861;brightlori@hotmail.com
52;149544922;Scott;Bowers;05.07.1980;"90717 Jason Mills Apt. 050
Christianland, IN 58349";(587)944-1509x91866;oramirez@yahoo.com
53;779078386;Robert;Anderson;31.03.1976;"7103 Garrett Terrace Apt. 853
Carlyview, NY 10850";-3923;amber28@gmail.com
54;B18503268;John;Rios;19.01.1971;"8309 Khan Locks
Jonestown, MT 87722";716.781.3745;harry29@yahoo.com
55;F30639836;William;Gomez;24.02.2023;"114 Rickey Mountain
North David, VA 55943";464-830-4955;vking@yahoo.com
56;954379831;John;Hanson;13.11.2014;"4813 Johnson Mill Apt. 834
New Deborah, WI 03958";(789)400-5087x3237;raygraham@yahoo.com
57;G13090961;Daniel;Rivera;27.09.1977;"7227 David Fields Suite 687
South Dustinstad, IA 29310";+1-711-487-8504x08181;erik58@gmail.com
58;W91359019;Jeffrey;Hurley;06.05.2023;"64456 Stacey Causeway
Williamschester, PR 42772";(870)603-7099x9988;ecobb@gmail.com
59;D97177819;Ryan;Harris;31.01.1999;"287 Shepherd Key
Bradleyshire, NH 25596";(688)390-8926x8101;robert01@hotmail.com
60;G75578363;Tommy;Dominguez;23.06.1994;"7183 Charles Wall
Russellside, VT 84867";001-587-510-3395x543;grahammanuel@yahoo.com
61;Y07348074;Gregory;Price;20.06.2017;"055 Michael Islands Suite 420
Martinezborough, ME 31934";3129864095;hcoleman@hotmail.com
62;Y35669847;Stephen;Gillespie;23.10.1991;"79757 Jennifer Fields Apt. 653
Derrickborough, GA 09474";654-336-4052;williamselijah@hotmail.com
63;768002194;Jason;Green;09.01.2006;"04903 Gross Village Apt. 939
New Tonya, WA 09380";-8312;veronica95@yahoo.com
64;605492038;Michael;Perez;12.03.2007;"103 Nicholas Burg
Whiteshire, VA 06722";487-988-1962x22889;qclark@yahoo.com
65;226348980;Steven;Jensen;26.03.2022;"PSC 6334, Box 8461
APO AP 59973";001-506-373-5806;martinaaron@yahoo.com
66;16251854;Ronald;Gonzalez;07.03.1995;"38977 Lawrence Harbor
Dawsonton, AZ 38997";7308389124;vcooper@yahoo.com
67;O12466277;Jeff;Chang;06.07.1997;"07398 Jared Hollow Suite 666
Martinezstad, AR 97518";-3940;rosalesjerry@hotmail.com
68;C10559474;Daniel;Page;11.02.2002;"10060 Trevor Meadow
North Patriciamouth, OR 12753";901-712-9456;david29@gmail.com
69;Q26939348;Gregg;Contreras;08.08.1976;"24733 Tony Turnpike Suite 507
Katrinatown, NE 40252";996-435-6575;michaelmiller@gmail.com
70;207351831;Patrick;Thomas;05.09.1978;"4204 Rojas Vista Suite 875
Stevenside, AR 27373";664.907.5842;pwolfe@gmail.com
71;97232319;Adam;Reynolds;25.10.2004;"0935 Casey Crest Apt. 166
Whitefurt, LA 51035";432-329-2764x20965;elizabeth73@gmail.com
72;E24649617;Joel;Fry;12.12.1989;"394 Jacobs Shore
Alexandermouth, TN 04460";001-779-945-3910x93238;zrogers@yahoo.com
73;G98861086;Jeffrey;Lowe;08.08.1981;"870 Dawn Shores
Romeroview, FM 83498";8102461160;kbentley@yahoo.com
74;965784591;Raymond;Chase;26.10.2015;"20142 Cox Dale Apt. 119
Simpsonport, NE 95373";001-289-829-0835x89752;kim00@hotmail.com
75;842638090;Matthew;Harris;12.02.1974;"7289 White Oval Suite 090
New Kellyburgh, NC 20556";402.447.9763;hortonvictoria@gmail.com
76;W46617355;James;Pace;18.03.2010;"24044 Peterson Locks Suite 296
West Jessicatown, AK 73294";+1-376-889-3669x627;sward@yahoo.com
77;I79084089;Joseph;Woodard;17.07.2016;"06011 Beasley Fall Apt. 002
Lake Tiffanyview, CA 09107";269.827.1369x52966;natasha43@yahoo.com
78;544721360;Chris;Kelly;12.07.1993;"84459 Murray Gateway
Spencerberg, HI 78883";+1-207-976-5705x78516;jennifer40@hotmail.com
79;681367906;Richard;Allen;22.03.1974;"312 Sanchez Trail
New Leahton, FM 13451";(986)975-4580x6952;cantrellluis@yahoo.com
80;Y35856961;Brandon;Cisneros;10.07.1978;"458 Michael Turnpike Apt. 989
Port Kyle, CA 45171";241.456.9628x9603;msnyder@gmail.com
81;324207267;Billy;Martinez;11.01.1997;"USNV Davis
FPO AE 62455";001-236-885-0366;mwells@hotmail.com
82;151823357;Tristan;Hall;28.01.1987;"4910 Benton Bridge
Port Christopherfort, SC 85672";880-327-1710;fullerjanet@gmail.com
83;W44935575;Stephen;Smith;24.04.2011;"3619 Williams Wall
Gregorybury, AK 97743";501-581-6849;elizabeth04@hotmail.com
84;785027783;William;Carey;14.12.2023;"3068 Moore Plains Suite 404
North Ronaldton, NH 75486";651.296.7153x959;kellyflores@gmail.com
85;K02575947;David;Martinez;27.08.1970;"39573 Donaldson Land
Lewismouth, NC 05346";001-404-767-8558x045;gmoore@gmail.com
86;Y22372584;Michael;Roberts;24.10.2007;"2775 Amber Fall Suite 426
Taylorfort, NE 03190";001-401-647-3048x7297;mary77@yahoo.com
87;168266447;David;Carney;18.02.2023;"13283 Anthony Creek
Port Darren, VI 50837";787.717.0402;garrettjoanna@gmail.com
88;J45171107;Joshua;Leblanc;14.10.2008;"45700 Alexander Rest Suite 038
East Tammy, NV 24970";3866306120;linkathleen@hotmail.com
89;Z06868542;Robert;Fisher;02.09.1978;"6583 Cameron Grove Suite 314
Garciafort, AK 64818";001-810-553-7549x63689;shanerobles@gmail.com
90;C79716986;Stephen;Reed;21.06.1987;"0932 Kelly Meadows
East Shannonshire, FL 97141";870.901.6594x7706;tracy96@yahoo.com
91;S72873111;Jonathan;Johnson;16.05.2021;"53856 Melissa Extension Apt. 202
Jasonburgh, TX 09106";8174209605;ninachavez@yahoo.com
92;N29483790;Scott;Jimenez;07.01.2000;"8700 Mason Isle Apt. 821
South Stevenview, PW 15545";(411)634-9042x932;shawnbrown@gmail.com
93;X76516583;Sean;Montoya;22.08.1998;"436 John Radial Apt. 342
Hughesland, FL 30746";850.792.5763;hillmaria@hotmail.com
94;609970190;Eric;Wiggins;17.10.1971;"8683 Reed Roads
Dukehaven, KY 96473";7579906600;susan07@gmail.com
95;S18501880;Joshua;Mitchell;15.06.1999;"66881 Allison View Apt. 898
East Nicholas, IN 47768";(372)950-6636x192;markstevenson@hotmail.com
96;G59825274;Duane;Huff;10.07.1987;"35826 Glass Viaduct Apt. 286
Heathertown, IN 76398";6772266323;travis84@yahoo.com
97;K04834036;Michael;Hernandez;15.05.2001;"70002 Susan Passage Apt. 892
Jeffreychester, NJ 07336";+1-451-685-3062x28206;mclay@yahoo.com
98;A36961979;Mark;Brown;13.07.2015;"2579 Brandon Stream
New Jessicafort, GU 01110";(479)664-5889;kimberlybyrd@yahoo.com
99;11304680;Javier;Reese;21.10.2019;"9110 Garza Fields Suite 637
Port Valerie, MN 68116";(479)427-9541x16646;chelseabarnes@hotmail.com
